{
  "$schema": "http://json-schema.org/draft-04/schema#",
  "type": "object",
  "properties": {
    "productId": {
      "type": "integer"
    },
    "productName": {
      "type": "string"
    },
    "productType": {
      "type": "string"
    },
    "brand": {
      "type": "string"
    },
    "price": {
      "type": "number"
    },
    "vendor": {
      "type": "string"
    }
  },
  "required": [
    "productId",
    "productName",
    "productType",
    "brand",
    "price",
    "vendor"
  ]
}